{
  "scores": [0.383789827588343],
  "poses": [[
    [
      0.6087913810047195,
      0.2241110922297615
    ],
    [
      0.6943813233060132,
      0.21107287699146496
    ],
    [
      0.5626181169242711,
      0.16401271411880913
    ],
    [
      0.7523476525503374,
      0.3893264133178771
    ],
    [
      0.49304964755759634,
      0.31953687658569696
    ],
    [
      0.8884270831304766,
      0.8443319352220469
    ],
    [
      0.31001288765599294,
      0.7873198299556391
    ],
    [
      0.9499255544016798,
      1.276097497123689
    ],
    [
      0.007187056170363371,
      1.2466619188683508
    ],
    [
      0.7851301668219066,
      1.1886559386197695
    ],
    [
      0.11945649529245578,
      1.205895522225228
    ],
    [
      0.6923576760384823,
      1.2602502826586772
    ],
    [
      0.3186024705723566,
      1.2152362639801977
    ],
    [
      0.6850593528250081,
      1.2482236794228683
    ],
    [
      0.286576662546002,
      1.0654769945701272
    ],
    [
      0.6826492204740354,
      1.252648676183901
    ],
    [
      0.22575840968566183,
      1.2222116828428633
    ]
  ]]
}