{"compile_duration": 2.012686014175415, "duration_per_example": 0.0588519002776593, "tile_duration_per_example": 1e-09, "examples": 1024, "batch_size": 1, "model": "inception_v3", "backend": "plaid", "correct": true, "max_error": 1.4790227396588307e-05, "max_abs_error": 1.0654330253601074e-06, "fail_ratio": 0.0}