{"compile_duration": 3.197713851928711, "duration_per_example": 0.09456628886982799, "tile_duration_per_example": 1e-09, "examples": 1024, "batch_size": 1, "model": "inception_v3", "backend": "tensorflow", "correct": true, "max_error": 9.415416570845991e-06, "max_abs_error": 7.078051567077637e-07, "fail_ratio": 0.0}